emp_id,emp_code,first_name,last_name,dept,basic_salary,dob,email,date_joined,status
1,EMP0001,Employee1,Surname1,HR,130000,1986-05-01,emp1@payrollwise.in,2018-04-01,Active
2,EMP0002,Employee2,Surname2,Sales,35000,1985-12-01,emp2@payrollwise.in,2016-01-01,Active
3,EMP0003,Employee3,Surname3,Finance,45000,1980-02-01,emp3@payrollwise.in,2018-05-01,Active
4,EMP0004,Employee4,Surname4,Finance,45000,1982-12-01,emp4@payrollwise.in,2016-08-01,Active
5,EMP0005,Employee5,Surname5,HR,25000,1988-02-01,emp5@payrollwise.in,2016-02-01,Active
6,EMP0006,Employee6,Surname6,Sales,90000,1987-10-01,emp6@payrollwise.in,2018-03-01,Active
7,EMP0007,Employee7,Surname7,Ops,90000,1986-11-01,emp7@payrollwise.in,2015-05-01,Active
8,EMP0008,Employee8,Surname8,Finance,25000,1982-12-01,emp8@payrollwise.in,2019-10-01,Active
9,EMP0009,Employee9,Surname9,HR,65000,1983-03-01,emp9@payrollwise.in,2018-12-01,Active
10,EMP0010,Employee10,Surname10,Sales,90000,1989-08-01,emp10@payrollwise.in,2017-01-01,Active
11,EMP0011,Employee11,Surname11,HR,25000,1986-05-01,emp11@payrollwise.in,2019-12-01,Active
12,EMP0012,Employee12,Surname12,HR,45000,1988-01-01,emp12@payrollwise.in,2015-07-01,Active
13,EMP0013,Employee13,Surname13,HR,90000,1987-09-01,emp13@payrollwise.in,2015-02-01,Active
14,EMP0014,Employee14,Surname14,IT,35000,1981-01-01,emp14@payrollwise.in,2015-04-01,Active
15,EMP0015,Employee15,Surname15,Sales,45000,1981-04-01,emp15@payrollwise.in,2015-03-01,Active
16,EMP0016,Employee16,Surname16,IT,35000,1982-02-01,emp16@payrollwise.in,2016-11-01,Active
17,EMP0017,Employee17,Surname17,Ops,90000,1984-06-01,emp17@payrollwise.in,2017-02-01,Active
18,EMP0018,Employee18,Surname18,Finance,35000,1986-08-01,emp18@payrollwise.in,2016-03-01,Active
19,EMP0019,Employee19,Surname19,IT,90000,1981-04-01,emp19@payrollwise.in,2017-07-01,Active
20,EMP0020,Employee20,Surname20,Finance,25000,1980-04-01,emp20@payrollwise.in,2017-05-01,Active
21,EMP0021,Employee21,Surname21,Finance,45000,1984-03-01,emp21@payrollwise.in,2017-12-01,Active
22,EMP0022,Employee22,Surname22,Finance,35000,1984-07-01,emp22@payrollwise.in,2016-11-01,Active
23,EMP0023,Employee23,Surname23,HR,65000,1981-04-01,emp23@payrollwise.in,2019-03-01,Active
24,EMP0024,Employee24,Surname24,Finance,65000,1987-10-01,emp24@payrollwise.in,2015-04-01,Active
25,EMP0025,Employee25,Surname25,Sales,65000,1984-01-01,emp25@payrollwise.in,2016-03-01,Active
26,EMP0026,Employee26,Surname26,Finance,25000,1986-12-01,emp26@payrollwise.in,2017-08-01,Active
27,EMP0027,Employee27,Surname27,IT,45000,1981-01-01,emp27@payrollwise.in,2016-05-01,Active
28,EMP0028,Employee28,Surname28,IT,130000,1984-12-01,emp28@payrollwise.in,2018-03-01,Active
29,EMP0029,Employee29,Surname29,IT,65000,1989-03-01,emp29@payrollwise.in,2015-02-01,Active
30,EMP0030,Employee30,Surname30,Sales,130000,1985-03-01,emp30@payrollwise.in,2015-12-01,Active
31,EMP0031,Employee31,Surname31,HR,65000,1984-11-01,emp31@payrollwise.in,2016-03-01,Active
32,EMP0032,Employee32,Surname32,Finance,35000,1989-02-01,emp32@payrollwise.in,2015-12-01,Active
33,EMP0033,Employee33,Surname33,Ops,35000,1989-07-01,emp33@payrollwise.in,2017-02-01,Active
34,EMP0034,Employee34,Surname34,IT,45000,1982-02-01,emp34@payrollwise.in,2019-07-01,Active
35,EMP0035,Employee35,Surname35,Ops,130000,1988-03-01,emp35@payrollwise.in,2016-04-01,Active
36,EMP0036,Employee36,Surname36,Finance,45000,1981-08-01,emp36@payrollwise.in,2017-02-01,Active
37,EMP0037,Employee37,Surname37,HR,45000,1985-12-01,emp37@payrollwise.in,2019-10-01,Active
38,EMP0038,Employee38,Surname38,Finance,130000,1985-10-01,emp38@payrollwise.in,2019-07-01,Active
39,EMP0039,Employee39,Surname39,HR,90000,1982-03-01,emp39@payrollwise.in,2019-01-01,Active
40,EMP0040,Employee40,Surname40,IT,45000,1983-08-01,emp40@payrollwise.in,2016-10-01,Active
41,EMP0041,Employee41,Surname41,Finance,35000,1982-02-01,emp41@payrollwise.in,2018-03-01,Active
42,EMP0042,Employee42,Surname42,Finance,25000,1986-03-01,emp42@payrollwise.in,2015-08-01,Active
43,EMP0043,Employee43,Surname43,HR,45000,1981-08-01,emp43@payrollwise.in,2015-04-01,Active
44,EMP0044,Employee44,Surname44,HR,45000,1980-05-01,emp44@payrollwise.in,2015-10-01,Active
45,EMP0045,Employee45,Surname45,Finance,90000,1985-05-01,emp45@payrollwise.in,2019-09-01,Active
46,EMP0046,Employee46,Surname46,Finance,130000,1985-12-01,emp46@payrollwise.in,2015-12-01,Active
47,EMP0047,Employee47,Surname47,Sales,25000,1980-08-01,emp47@payrollwise.in,2019-04-01,Active
48,EMP0048,Employee48,Surname48,HR,90000,1985-02-01,emp48@payrollwise.in,2017-11-01,Active
49,EMP0049,Employee49,Surname49,Finance,45000,1982-10-01,emp49@payrollwise.in,2015-02-01,Active
50,EMP0050,Employee50,Surname50,Ops,90000,1987-02-01,emp50@payrollwise.in,2017-03-01,Active
51,EMP0051,Employee51,Surname51,HR,65000,1983-09-01,emp51@payrollwise.in,2019-06-01,Active
52,EMP0052,Employee52,Surname52,HR,130000,1989-07-01,emp52@payrollwise.in,2017-03-01,Active
53,EMP0053,Employee53,Surname53,IT,90000,1987-02-01,emp53@payrollwise.in,2015-08-01,Active
54,EMP0054,Employee54,Surname54,HR,130000,1986-04-01,emp54@payrollwise.in,2017-07-01,Active
55,EMP0055,Employee55,Surname55,Ops,35000,1986-04-01,emp55@payrollwise.in,2015-05-01,Active
56,EMP0056,Employee56,Surname56,Ops,45000,1985-04-01,emp56@payrollwise.in,2018-03-01,Active
57,EMP0057,Employee57,Surname57,Sales,45000,1981-11-01,emp57@payrollwise.in,2019-05-01,Active
58,EMP0058,Employee58,Surname58,Sales,90000,1980-06-01,emp58@payrollwise.in,2017-10-01,Active
59,EMP0059,Employee59,Surname59,Ops,45000,1983-11-01,emp59@payrollwise.in,2018-01-01,Active
60,EMP0060,Employee60,Surname60,Finance,90000,1989-06-01,emp60@payrollwise.in,2019-04-01,Active
61,EMP0061,Employee61,Surname61,IT,35000,1982-01-01,emp61@payrollwise.in,2016-12-01,Active
62,EMP0062,Employee62,Surname62,Ops,130000,1989-05-01,emp62@payrollwise.in,2017-09-01,Active
63,EMP0063,Employee63,Surname63,Finance,35000,1985-12-01,emp63@payrollwise.in,2016-11-01,Active
64,EMP0064,Employee64,Surname64,Sales,65000,1988-06-01,emp64@payrollwise.in,2019-04-01,Active
65,EMP0065,Employee65,Surname65,IT,90000,1987-09-01,emp65@payrollwise.in,2017-04-01,Active
66,EMP0066,Employee66,Surname66,Ops,65000,1984-04-01,emp66@payrollwise.in,2018-02-01,Active
67,EMP0067,Employee67,Surname67,HR,90000,1988-01-01,emp67@payrollwise.in,2019-07-01,Active
68,EMP0068,Employee68,Surname68,Finance,35000,1981-06-01,emp68@payrollwise.in,2015-12-01,Active
69,EMP0069,Employee69,Surname69,IT,65000,1988-02-01,emp69@payrollwise.in,2017-05-01,Active
70,EMP0070,Employee70,Surname70,Finance,65000,1987-05-01,emp70@payrollwise.in,2018-05-01,Active
71,EMP0071,Employee71,Surname71,Sales,65000,1986-12-01,emp71@payrollwise.in,2017-11-01,Active
72,EMP0072,Employee72,Surname72,HR,65000,1986-09-01,emp72@payrollwise.in,2017-10-01,Active
73,EMP0073,Employee73,Surname73,Ops,45000,1987-06-01,emp73@payrollwise.in,2016-04-01,Active
74,EMP0074,Employee74,Surname74,Finance,45000,1983-04-01,emp74@payrollwise.in,2019-06-01,Active
75,EMP0075,Employee75,Surname75,IT,65000,1980-07-01,emp75@payrollwise.in,2018-06-01,Active
76,EMP0076,Employee76,Surname76,HR,25000,1988-12-01,emp76@payrollwise.in,2015-05-01,Active
77,EMP0077,Employee77,Surname77,Sales,25000,1987-07-01,emp77@payrollwise.in,2018-10-01,Active
78,EMP0078,Employee78,Surname78,HR,130000,1980-01-01,emp78@payrollwise.in,2015-01-01,Active
79,EMP0079,Employee79,Surname79,Finance,35000,1985-11-01,emp79@payrollwise.in,2015-02-01,Active
80,EMP0080,Employee80,Surname80,Sales,130000,1981-06-01,emp80@payrollwise.in,2016-07-01,Active
81,EMP0081,Employee81,Surname81,IT,130000,1988-11-01,emp81@payrollwise.in,2016-03-01,Active
82,EMP0082,Employee82,Surname82,HR,130000,1984-07-01,emp82@payrollwise.in,2019-05-01,Active
83,EMP0083,Employee83,Surname83,IT,25000,1989-04-01,emp83@payrollwise.in,2016-11-01,Active
84,EMP0084,Employee84,Surname84,Sales,25000,1988-12-01,emp84@payrollwise.in,2019-12-01,Active
85,EMP0085,Employee85,Surname85,Ops,65000,1980-11-01,emp85@payrollwise.in,2017-01-01,Active
86,EMP0086,Employee86,Surname86,IT,35000,1981-12-01,emp86@payrollwise.in,2019-07-01,Active
87,EMP0087,Employee87,Surname87,HR,65000,1985-02-01,emp87@payrollwise.in,2017-11-01,Active
88,EMP0088,Employee88,Surname88,IT,25000,1980-10-01,emp88@payrollwise.in,2019-07-01,Active
89,EMP0089,Employee89,Surname89,Ops,65000,1984-04-01,emp89@payrollwise.in,2017-06-01,Active
90,EMP0090,Employee90,Surname90,IT,90000,1987-09-01,emp90@payrollwise.in,2018-09-01,Active
91,EMP0091,Employee91,Surname91,Sales,35000,1989-03-01,emp91@payrollwise.in,2019-04-01,Active
92,EMP0092,Employee92,Surname92,HR,35000,1982-12-01,emp92@payrollwise.in,2019-09-01,Active
93,EMP0093,Employee93,Surname93,IT,90000,1987-02-01,emp93@payrollwise.in,2016-05-01,Active
94,EMP0094,Employee94,Surname94,Finance,130000,1981-02-01,emp94@payrollwise.in,2015-07-01,Active
95,EMP0095,Employee95,Surname95,Ops,35000,1984-10-01,emp95@payrollwise.in,2019-04-01,Active
96,EMP0096,Employee96,Surname96,Sales,25000,1986-04-01,emp96@payrollwise.in,2015-10-01,Active
97,EMP0097,Employee97,Surname97,HR,65000,1986-08-01,emp97@payrollwise.in,2019-02-01,Active
98,EMP0098,Employee98,Surname98,Ops,25000,1985-11-01,emp98@payrollwise.in,2019-06-01,Active
99,EMP0099,Employee99,Surname99,Sales,130000,1985-08-01,emp99@payrollwise.in,2017-02-01,Active
100,EMP0100,Employee100,Surname100,Finance,45000,1986-04-01,emp100@payrollwise.in,2017-05-01,Active
101,EMP0101,Employee101,Surname101,Finance,25000,1989-01-01,emp101@payrollwise.in,2016-12-01,Active
102,EMP0102,Employee102,Surname102,Ops,45000,1986-03-01,emp102@payrollwise.in,2018-11-01,Active
103,EMP0103,Employee103,Surname103,Ops,35000,1981-04-01,emp103@payrollwise.in,2017-11-01,Active
104,EMP0104,Employee104,Surname104,Sales,130000,1989-09-01,emp104@payrollwise.in,2018-10-01,Active
105,EMP0105,Employee105,Surname105,Ops,45000,1982-02-01,emp105@payrollwise.in,2016-08-01,Active
106,EMP0106,Employee106,Surname106,Ops,65000,1987-08-01,emp106@payrollwise.in,2019-02-01,Active
107,EMP0107,Employee107,Surname107,HR,130000,1980-01-01,emp107@payrollwise.in,2019-02-01,Active
108,EMP0108,Employee108,Surname108,Sales,35000,1983-05-01,emp108@payrollwise.in,2019-04-01,Active
109,EMP0109,Employee109,Surname109,HR,45000,1982-07-01,emp109@payrollwise.in,2018-03-01,Active
110,EMP0110,Employee110,Surname110,Sales,25000,1986-03-01,emp110@payrollwise.in,2019-04-01,Active
111,EMP0111,Employee111,Surname111,Finance,35000,1989-10-01,emp111@payrollwise.in,2018-05-01,Active
112,EMP0112,Employee112,Surname112,HR,130000,1983-02-01,emp112@payrollwise.in,2016-03-01,Active
113,EMP0113,Employee113,Surname113,HR,90000,1980-04-01,emp113@payrollwise.in,2017-05-01,Active
114,EMP0114,Employee114,Surname114,Finance,35000,1980-10-01,emp114@payrollwise.in,2015-02-01,Active
115,EMP0115,Employee115,Surname115,IT,65000,1986-09-01,emp115@payrollwise.in,2017-05-01,Active
116,EMP0116,Employee116,Surname116,IT,65000,1983-06-01,emp116@payrollwise.in,2017-11-01,Active
117,EMP0117,Employee117,Surname117,IT,25000,1984-03-01,emp117@payrollwise.in,2017-06-01,Active
118,EMP0118,Employee118,Surname118,IT,90000,1981-09-01,emp118@payrollwise.in,2017-06-01,Active
119,EMP0119,Employee119,Surname119,Ops,90000,1988-05-01,emp119@payrollwise.in,2015-02-01,Active
120,EMP0120,Employee120,Surname120,Sales,130000,1982-10-01,emp120@payrollwise.in,2015-05-01,Active
121,EMP0121,Employee121,Surname121,IT,35000,1985-01-01,emp121@payrollwise.in,2015-11-01,Active
122,EMP0122,Employee122,Surname122,Sales,130000,1982-05-01,emp122@payrollwise.in,2018-09-01,Active
123,EMP0123,Employee123,Surname123,Finance,90000,1989-07-01,emp123@payrollwise.in,2019-09-01,Active
124,EMP0124,Employee124,Surname124,Sales,65000,1984-08-01,emp124@payrollwise.in,2016-08-01,Active
125,EMP0125,Employee125,Surname125,HR,90000,1986-04-01,emp125@payrollwise.in,2019-12-01,Active
126,EMP0126,Employee126,Surname126,HR,65000,1989-01-01,emp126@payrollwise.in,2018-05-01,Active
127,EMP0127,Employee127,Surname127,Ops,90000,1980-05-01,emp127@payrollwise.in,2015-08-01,Active
128,EMP0128,Employee128,Surname128,Finance,65000,1988-03-01,emp128@payrollwise.in,2015-10-01,Active
129,EMP0129,Employee129,Surname129,IT,90000,1986-11-01,emp129@payrollwise.in,2017-01-01,Active
130,EMP0130,Employee130,Surname130,IT,90000,1980-10-01,emp130@payrollwise.in,2018-01-01,Active
131,EMP0131,Employee131,Surname131,Ops,35000,1988-04-01,emp131@payrollwise.in,2018-06-01,Active
132,EMP0132,Employee132,Surname132,HR,25000,1980-09-01,emp132@payrollwise.in,2018-05-01,Active
133,EMP0133,Employee133,Surname133,Ops,35000,1985-12-01,emp133@payrollwise.in,2016-07-01,Active
134,EMP0134,Employee134,Surname134,Sales,65000,1989-11-01,emp134@payrollwise.in,2018-12-01,Active
135,EMP0135,Employee135,Surname135,HR,45000,1988-08-01,emp135@payrollwise.in,2015-07-01,Active
136,EMP0136,Employee136,Surname136,Ops,45000,1983-06-01,emp136@payrollwise.in,2015-05-01,Active
137,EMP0137,Employee137,Surname137,Finance,130000,1987-08-01,emp137@payrollwise.in,2017-10-01,Active
138,EMP0138,Employee138,Surname138,Finance,130000,1980-11-01,emp138@payrollwise.in,2016-04-01,Active
139,EMP0139,Employee139,Surname139,HR,35000,1982-06-01,emp139@payrollwise.in,2016-11-01,Active
140,EMP0140,Employee140,Surname140,Finance,90000,1982-05-01,emp140@payrollwise.in,2019-11-01,Active
141,EMP0141,Employee141,Surname141,Ops,130000,1989-02-01,emp141@payrollwise.in,2015-08-01,Active
142,EMP0142,Employee142,Surname142,Finance,130000,1989-09-01,emp142@payrollwise.in,2017-02-01,Active
143,EMP0143,Employee143,Surname143,Finance,25000,1984-10-01,emp143@payrollwise.in,2017-12-01,Active
144,EMP0144,Employee144,Surname144,Ops,130000,1987-11-01,emp144@payrollwise.in,2018-12-01,Active
145,EMP0145,Employee145,Surname145,Ops,130000,1981-11-01,emp145@payrollwise.in,2017-05-01,Active
146,EMP0146,Employee146,Surname146,Finance,130000,1985-08-01,emp146@payrollwise.in,2018-08-01,Active
147,EMP0147,Employee147,Surname147,IT,90000,1980-02-01,emp147@payrollwise.in,2018-12-01,Active
148,EMP0148,Employee148,Surname148,Ops,65000,1988-06-01,emp148@payrollwise.in,2017-12-01,Active
149,EMP0149,Employee149,Surname149,HR,65000,1989-07-01,emp149@payrollwise.in,2015-06-01,Active
150,EMP0150,Employee150,Surname150,Ops,25000,1987-11-01,emp150@payrollwise.in,2015-09-01,Active
151,EMP0151,Employee151,Surname151,HR,35000,1987-06-01,emp151@payrollwise.in,2019-02-01,Active
152,EMP0152,Employee152,Surname152,IT,25000,1980-12-01,emp152@payrollwise.in,2017-02-01,Active
153,EMP0153,Employee153,Surname153,HR,65000,1981-03-01,emp153@payrollwise.in,2018-05-01,Active
154,EMP0154,Employee154,Surname154,Sales,90000,1984-08-01,emp154@payrollwise.in,2017-02-01,Active
155,EMP0155,Employee155,Surname155,IT,65000,1982-01-01,emp155@payrollwise.in,2015-11-01,Active
156,EMP0156,Employee156,Surname156,IT,90000,1987-10-01,emp156@payrollwise.in,2016-11-01,Active
157,EMP0157,Employee157,Surname157,IT,90000,1988-08-01,emp157@payrollwise.in,2019-10-01,Active
158,EMP0158,Employee158,Surname158,HR,45000,1989-10-01,emp158@payrollwise.in,2019-01-01,Active
159,EMP0159,Employee159,Surname159,Sales,25000,1987-12-01,emp159@payrollwise.in,2015-02-01,Active
160,EMP0160,Employee160,Surname160,Finance,35000,1984-08-01,emp160@payrollwise.in,2016-05-01,Active
161,EMP0161,Employee161,Surname161,Sales,45000,1988-07-01,emp161@payrollwise.in,2018-12-01,Active
162,EMP0162,Employee162,Surname162,Ops,35000,1982-03-01,emp162@payrollwise.in,2017-12-01,Active
163,EMP0163,Employee163,Surname163,Ops,130000,1987-12-01,emp163@payrollwise.in,2018-06-01,Active
164,EMP0164,Employee164,Surname164,HR,35000,1985-04-01,emp164@payrollwise.in,2019-01-01,Active
165,EMP0165,Employee165,Surname165,Sales,35000,1985-09-01,emp165@payrollwise.in,2018-11-01,Active
166,EMP0166,Employee166,Surname166,Sales,130000,1983-07-01,emp166@payrollwise.in,2015-09-01,Active
167,EMP0167,Employee167,Surname167,Sales,65000,1984-12-01,emp167@payrollwise.in,2018-06-01,Active
168,EMP0168,Employee168,Surname168,Finance,65000,1985-08-01,emp168@payrollwise.in,2019-11-01,Active
169,EMP0169,Employee169,Surname169,IT,45000,1989-06-01,emp169@payrollwise.in,2017-05-01,Active
170,EMP0170,Employee170,Surname170,Finance,130000,1984-03-01,emp170@payrollwise.in,2016-10-01,Active
171,EMP0171,Employee171,Surname171,HR,130000,1988-04-01,emp171@payrollwise.in,2018-05-01,Active
172,EMP0172,Employee172,Surname172,HR,35000,1988-05-01,emp172@payrollwise.in,2016-02-01,Active
173,EMP0173,Employee173,Surname173,HR,35000,1986-04-01,emp173@payrollwise.in,2019-09-01,Active
174,EMP0174,Employee174,Surname174,Sales,45000,1984-03-01,emp174@payrollwise.in,2018-11-01,Active
175,EMP0175,Employee175,Surname175,Ops,90000,1980-09-01,emp175@payrollwise.in,2016-04-01,Active
176,EMP0176,Employee176,Surname176,Sales,130000,1983-06-01,emp176@payrollwise.in,2017-12-01,Active
177,EMP0177,Employee177,Surname177,Ops,65000,1989-03-01,emp177@payrollwise.in,2016-09-01,Active
178,EMP0178,Employee178,Surname178,Finance,65000,1981-08-01,emp178@payrollwise.in,2018-09-01,Active
179,EMP0179,Employee179,Surname179,Ops,45000,1983-04-01,emp179@payrollwise.in,2018-10-01,Active
180,EMP0180,Employee180,Surname180,Ops,25000,1986-07-01,emp180@payrollwise.in,2015-10-01,Active
181,EMP0181,Employee181,Surname181,Ops,45000,1980-11-01,emp181@payrollwise.in,2016-07-01,Active
182,EMP0182,Employee182,Surname182,HR,35000,1981-03-01,emp182@payrollwise.in,2019-03-01,Active
183,EMP0183,Employee183,Surname183,IT,25000,1985-03-01,emp183@payrollwise.in,2016-09-01,Active
184,EMP0184,Employee184,Surname184,Sales,65000,1989-07-01,emp184@payrollwise.in,2015-08-01,Active
185,EMP0185,Employee185,Surname185,Finance,65000,1987-12-01,emp185@payrollwise.in,2016-12-01,Active
186,EMP0186,Employee186,Surname186,HR,25000,1985-12-01,emp186@payrollwise.in,2015-08-01,Active
187,EMP0187,Employee187,Surname187,Finance,130000,1980-09-01,emp187@payrollwise.in,2019-10-01,Active
188,EMP0188,Employee188,Surname188,IT,35000,1985-07-01,emp188@payrollwise.in,2018-08-01,Active
189,EMP0189,Employee189,Surname189,IT,90000,1982-02-01,emp189@payrollwise.in,2018-12-01,Active
190,EMP0190,Employee190,Surname190,HR,130000,1980-09-01,emp190@payrollwise.in,2018-04-01,Active
191,EMP0191,Employee191,Surname191,Finance,25000,1988-07-01,emp191@payrollwise.in,2016-10-01,Active
192,EMP0192,Employee192,Surname192,Sales,35000,1983-10-01,emp192@payrollwise.in,2019-02-01,Active
193,EMP0193,Employee193,Surname193,IT,90000,1980-04-01,emp193@payrollwise.in,2016-09-01,Active
194,EMP0194,Employee194,Surname194,HR,90000,1988-01-01,emp194@payrollwise.in,2019-09-01,Active
195,EMP0195,Employee195,Surname195,Finance,35000,1988-12-01,emp195@payrollwise.in,2018-09-01,Active
196,EMP0196,Employee196,Surname196,IT,90000,1987-03-01,emp196@payrollwise.in,2016-09-01,Active
197,EMP0197,Employee197,Surname197,HR,45000,1980-05-01,emp197@payrollwise.in,2015-04-01,Active
198,EMP0198,Employee198,Surname198,Sales,90000,1988-09-01,emp198@payrollwise.in,2018-04-01,Active
199,EMP0199,Employee199,Surname199,Ops,130000,1985-10-01,emp199@payrollwise.in,2018-07-01,Active
200,EMP0200,Employee200,Surname200,Ops,35000,1983-05-01,emp200@payrollwise.in,2017-06-01,Active
201,EMP0201,Employee201,Surname201,Ops,90000,1981-10-01,emp201@payrollwise.in,2017-02-01,Active
202,EMP0202,Employee202,Surname202,IT,35000,1985-11-01,emp202@payrollwise.in,2017-09-01,Active
203,EMP0203,Employee203,Surname203,Ops,35000,1985-10-01,emp203@payrollwise.in,2016-01-01,Active
204,EMP0204,Employee204,Surname204,Sales,65000,1982-03-01,emp204@payrollwise.in,2017-12-01,Active
205,EMP0205,Employee205,Surname205,Ops,65000,1987-12-01,emp205@payrollwise.in,2018-10-01,Active
206,EMP0206,Employee206,Surname206,IT,45000,1982-12-01,emp206@payrollwise.in,2017-04-01,Active
207,EMP0207,Employee207,Surname207,Ops,45000,1984-07-01,emp207@payrollwise.in,2016-07-01,Active
208,EMP0208,Employee208,Surname208,Finance,90000,1983-08-01,emp208@payrollwise.in,2016-11-01,Active
209,EMP0209,Employee209,Surname209,IT,45000,1983-06-01,emp209@payrollwise.in,2018-01-01,Active
210,EMP0210,Employee210,Surname210,Sales,130000,1983-07-01,emp210@payrollwise.in,2017-08-01,Active
211,EMP0211,Employee211,Surname211,Ops,90000,1988-01-01,emp211@payrollwise.in,2018-08-01,Active
212,EMP0212,Employee212,Surname212,HR,90000,1983-01-01,emp212@payrollwise.in,2019-12-01,Active
213,EMP0213,Employee213,Surname213,Ops,45000,1983-08-01,emp213@payrollwise.in,2017-07-01,Active
214,EMP0214,Employee214,Surname214,Sales,45000,1980-11-01,emp214@payrollwise.in,2019-03-01,Active
215,EMP0215,Employee215,Surname215,HR,35000,1988-09-01,emp215@payrollwise.in,2016-01-01,Active
216,EMP0216,Employee216,Surname216,Ops,35000,1982-07-01,emp216@payrollwise.in,2016-09-01,Active
217,EMP0217,Employee217,Surname217,Finance,65000,1980-02-01,emp217@payrollwise.in,2018-07-01,Active
218,EMP0218,Employee218,Surname218,Ops,90000,1984-07-01,emp218@payrollwise.in,2018-11-01,Active
219,EMP0219,Employee219,Surname219,Finance,25000,1981-05-01,emp219@payrollwise.in,2019-05-01,Active
220,EMP0220,Employee220,Surname220,Ops,25000,1984-08-01,emp220@payrollwise.in,2019-08-01,Active
221,EMP0221,Employee221,Surname221,IT,130000,1986-05-01,emp221@payrollwise.in,2015-03-01,Active
222,EMP0222,Employee222,Surname222,IT,90000,1982-11-01,emp222@payrollwise.in,2017-06-01,Active
223,EMP0223,Employee223,Surname223,Ops,130000,1983-12-01,emp223@payrollwise.in,2017-05-01,Active
224,EMP0224,Employee224,Surname224,Finance,65000,1987-12-01,emp224@payrollwise.in,2016-02-01,Active
225,EMP0225,Employee225,Surname225,Sales,45000,1982-07-01,emp225@payrollwise.in,2017-03-01,Active
226,EMP0226,Employee226,Surname226,Finance,65000,1983-06-01,emp226@payrollwise.in,2015-01-01,Active
227,EMP0227,Employee227,Surname227,Finance,25000,1987-04-01,emp227@payrollwise.in,2019-01-01,Active
228,EMP0228,Employee228,Surname228,IT,65000,1986-10-01,emp228@payrollwise.in,2019-01-01,Active
229,EMP0229,Employee229,Surname229,IT,35000,1986-12-01,emp229@payrollwise.in,2017-09-01,Active
230,EMP0230,Employee230,Surname230,HR,90000,1981-04-01,emp230@payrollwise.in,2018-12-01,Active
231,EMP0231,Employee231,Surname231,HR,65000,1984-07-01,emp231@payrollwise.in,2018-01-01,Active
232,EMP0232,Employee232,Surname232,HR,45000,1982-05-01,emp232@payrollwise.in,2016-02-01,Active
233,EMP0233,Employee233,Surname233,HR,90000,1982-09-01,emp233@payrollwise.in,2017-08-01,Active
234,EMP0234,Employee234,Surname234,Ops,130000,1982-08-01,emp234@payrollwise.in,2017-10-01,Active
235,EMP0235,Employee235,Surname235,Finance,65000,1988-10-01,emp235@payrollwise.in,2015-01-01,Active
236,EMP0236,Employee236,Surname236,HR,65000,1985-08-01,emp236@payrollwise.in,2018-03-01,Active
237,EMP0237,Employee237,Surname237,IT,45000,1988-03-01,emp237@payrollwise.in,2019-01-01,Active
238,EMP0238,Employee238,Surname238,Sales,130000,1986-12-01,emp238@payrollwise.in,2015-11-01,Active
239,EMP0239,Employee239,Surname239,IT,65000,1984-10-01,emp239@payrollwise.in,2016-06-01,Active
240,EMP0240,Employee240,Surname240,Sales,90000,1988-07-01,emp240@payrollwise.in,2019-06-01,Active
241,EMP0241,Employee241,Surname241,Finance,45000,1986-05-01,emp241@payrollwise.in,2015-01-01,Active
242,EMP0242,Employee242,Surname242,Finance,90000,1980-12-01,emp242@payrollwise.in,2015-05-01,Active
243,EMP0243,Employee243,Surname243,HR,90000,1989-11-01,emp243@payrollwise.in,2019-07-01,Active
244,EMP0244,Employee244,Surname244,Finance,90000,1981-09-01,emp244@payrollwise.in,2016-03-01,Active
245,EMP0245,Employee245,Surname245,HR,130000,1983-02-01,emp245@payrollwise.in,2019-09-01,Active
246,EMP0246,Employee246,Surname246,Finance,45000,1989-11-01,emp246@payrollwise.in,2017-06-01,Active
247,EMP0247,Employee247,Surname247,HR,130000,1988-02-01,emp247@payrollwise.in,2019-02-01,Active
248,EMP0248,Employee248,Surname248,HR,25000,1988-11-01,emp248@payrollwise.in,2017-05-01,Active
249,EMP0249,Employee249,Surname249,IT,45000,1987-04-01,emp249@payrollwise.in,2017-06-01,Active
250,EMP0250,Employee250,Surname250,Ops,25000,1985-10-01,emp250@payrollwise.in,2016-10-01,Active
251,EMP0251,Employee251,Surname251,HR,65000,1981-10-01,emp251@payrollwise.in,2015-04-01,Active
252,EMP0252,Employee252,Surname252,Sales,25000,1983-09-01,emp252@payrollwise.in,2019-12-01,Active
253,EMP0253,Employee253,Surname253,IT,90000,1986-12-01,emp253@payrollwise.in,2019-04-01,Active
254,EMP0254,Employee254,Surname254,Finance,65000,1989-11-01,emp254@payrollwise.in,2016-04-01,Active
255,EMP0255,Employee255,Surname255,Sales,35000,1986-11-01,emp255@payrollwise.in,2019-05-01,Active
256,EMP0256,Employee256,Surname256,IT,90000,1987-02-01,emp256@payrollwise.in,2016-01-01,Active
257,EMP0257,Employee257,Surname257,HR,130000,1989-03-01,emp257@payrollwise.in,2016-05-01,Active
258,EMP0258,Employee258,Surname258,IT,45000,1985-01-01,emp258@payrollwise.in,2019-06-01,Active
259,EMP0259,Employee259,Surname259,Ops,25000,1983-11-01,emp259@payrollwise.in,2019-11-01,Active
260,EMP0260,Employee260,Surname260,Finance,35000,1982-03-01,emp260@payrollwise.in,2016-05-01,Active
261,EMP0261,Employee261,Surname261,Ops,25000,1984-02-01,emp261@payrollwise.in,2019-06-01,Active
262,EMP0262,Employee262,Surname262,Finance,130000,1987-03-01,emp262@payrollwise.in,2018-05-01,Active
263,EMP0263,Employee263,Surname263,HR,25000,1986-04-01,emp263@payrollwise.in,2017-02-01,Active
264,EMP0264,Employee264,Surname264,HR,65000,1987-04-01,emp264@payrollwise.in,2019-03-01,Active
265,EMP0265,Employee265,Surname265,HR,35000,1988-03-01,emp265@payrollwise.in,2015-05-01,Active
266,EMP0266,Employee266,Surname266,HR,25000,1985-11-01,emp266@payrollwise.in,2019-02-01,Active
267,EMP0267,Employee267,Surname267,HR,35000,1984-09-01,emp267@payrollwise.in,2017-07-01,Active
268,EMP0268,Employee268,Surname268,Sales,130000,1981-06-01,emp268@payrollwise.in,2016-11-01,Active
269,EMP0269,Employee269,Surname269,Sales,65000,1989-08-01,emp269@payrollwise.in,2015-07-01,Active
270,EMP0270,Employee270,Surname270,Sales,45000,1988-05-01,emp270@payrollwise.in,2019-01-01,Active
271,EMP0271,Employee271,Surname271,Sales,25000,1989-08-01,emp271@payrollwise.in,2017-04-01,Active
272,EMP0272,Employee272,Surname272,Finance,45000,1980-03-01,emp272@payrollwise.in,2019-07-01,Active
273,EMP0273,Employee273,Surname273,HR,45000,1983-02-01,emp273@payrollwise.in,2018-11-01,Active
274,EMP0274,Employee274,Surname274,IT,25000,1988-08-01,emp274@payrollwise.in,2016-10-01,Active
275,EMP0275,Employee275,Surname275,HR,65000,1982-06-01,emp275@payrollwise.in,2015-12-01,Active
276,EMP0276,Employee276,Surname276,Finance,45000,1985-09-01,emp276@payrollwise.in,2016-11-01,Active
277,EMP0277,Employee277,Surname277,Finance,45000,1982-06-01,emp277@payrollwise.in,2017-09-01,Active
278,EMP0278,Employee278,Surname278,IT,25000,1989-10-01,emp278@payrollwise.in,2018-03-01,Active
279,EMP0279,Employee279,Surname279,Ops,25000,1988-12-01,emp279@payrollwise.in,2016-08-01,Active
280,EMP0280,Employee280,Surname280,IT,25000,1981-01-01,emp280@payrollwise.in,2015-11-01,Active
281,EMP0281,Employee281,Surname281,Ops,65000,1986-11-01,emp281@payrollwise.in,2019-04-01,Active
282,EMP0282,Employee282,Surname282,HR,45000,1981-10-01,emp282@payrollwise.in,2018-06-01,Active
283,EMP0283,Employee283,Surname283,Finance,130000,1985-11-01,emp283@payrollwise.in,2017-01-01,Active
284,EMP0284,Employee284,Surname284,HR,65000,1980-04-01,emp284@payrollwise.in,2018-11-01,Active
285,EMP0285,Employee285,Surname285,Ops,130000,1986-09-01,emp285@payrollwise.in,2016-01-01,Active
286,EMP0286,Employee286,Surname286,Ops,65000,1980-12-01,emp286@payrollwise.in,2017-05-01,Active
287,EMP0287,Employee287,Surname287,IT,90000,1989-02-01,emp287@payrollwise.in,2017-12-01,Active
288,EMP0288,Employee288,Surname288,Sales,130000,1980-10-01,emp288@payrollwise.in,2017-12-01,Active
289,EMP0289,Employee289,Surname289,Sales,25000,1985-08-01,emp289@payrollwise.in,2019-10-01,Active
290,EMP0290,Employee290,Surname290,Sales,90000,1980-01-01,emp290@payrollwise.in,2015-11-01,Active
291,EMP0291,Employee291,Surname291,IT,35000,1989-02-01,emp291@payrollwise.in,2015-02-01,Active
292,EMP0292,Employee292,Surname292,Ops,25000,1984-12-01,emp292@payrollwise.in,2017-10-01,Active
293,EMP0293,Employee293,Surname293,HR,65000,1985-07-01,emp293@payrollwise.in,2016-01-01,Active
294,EMP0294,Employee294,Surname294,Ops,45000,1980-11-01,emp294@payrollwise.in,2018-06-01,Active
295,EMP0295,Employee295,Surname295,Finance,130000,1985-05-01,emp295@payrollwise.in,2016-07-01,Active
296,EMP0296,Employee296,Surname296,Sales,130000,1983-09-01,emp296@payrollwise.in,2019-05-01,Active
297,EMP0297,Employee297,Surname297,HR,65000,1982-08-01,emp297@payrollwise.in,2015-06-01,Active
298,EMP0298,Employee298,Surname298,Finance,65000,1984-12-01,emp298@payrollwise.in,2016-09-01,Active
299,EMP0299,Employee299,Surname299,Finance,35000,1986-06-01,emp299@payrollwise.in,2019-02-01,Active
300,EMP0300,Employee300,Surname300,IT,25000,1986-04-01,emp300@payrollwise.in,2017-06-01,Active
301,EMP0301,Employee301,Surname301,Sales,65000,1989-04-01,emp301@payrollwise.in,2016-03-01,Active
302,EMP0302,Employee302,Surname302,Finance,35000,1989-11-01,emp302@payrollwise.in,2019-03-01,Active
303,EMP0303,Employee303,Surname303,Sales,25000,1985-08-01,emp303@payrollwise.in,2018-09-01,Active
304,EMP0304,Employee304,Surname304,Ops,45000,1985-06-01,emp304@payrollwise.in,2017-05-01,Active
305,EMP0305,Employee305,Surname305,HR,25000,1985-03-01,emp305@payrollwise.in,2019-07-01,Active
306,EMP0306,Employee306,Surname306,IT,25000,1988-10-01,emp306@payrollwise.in,2017-03-01,Active
307,EMP0307,Employee307,Surname307,Ops,130000,1981-03-01,emp307@payrollwise.in,2019-01-01,Active
308,EMP0308,Employee308,Surname308,Finance,130000,1988-03-01,emp308@payrollwise.in,2017-07-01,Active
309,EMP0309,Employee309,Surname309,IT,45000,1986-05-01,emp309@payrollwise.in,2019-01-01,Active
310,EMP0310,Employee310,Surname310,Ops,65000,1986-02-01,emp310@payrollwise.in,2016-09-01,Active
311,EMP0311,Employee311,Surname311,Ops,25000,1986-05-01,emp311@payrollwise.in,2015-03-01,Active
312,EMP0312,Employee312,Surname312,HR,65000,1986-06-01,emp312@payrollwise.in,2017-02-01,Active
313,EMP0313,Employee313,Surname313,Ops,25000,1987-05-01,emp313@payrollwise.in,2016-07-01,Active
314,EMP0314,Employee314,Surname314,IT,90000,1984-02-01,emp314@payrollwise.in,2016-04-01,Active
315,EMP0315,Employee315,Surname315,IT,45000,1984-11-01,emp315@payrollwise.in,2016-09-01,Active
316,EMP0316,Employee316,Surname316,Ops,45000,1982-06-01,emp316@payrollwise.in,2015-04-01,Active
317,EMP0317,Employee317,Surname317,IT,90000,1980-09-01,emp317@payrollwise.in,2016-08-01,Active
318,EMP0318,Employee318,Surname318,IT,90000,1985-02-01,emp318@payrollwise.in,2017-07-01,Active
319,EMP0319,Employee319,Surname319,Finance,35000,1989-08-01,emp319@payrollwise.in,2015-04-01,Active
320,EMP0320,Employee320,Surname320,HR,90000,1984-02-01,emp320@payrollwise.in,2017-03-01,Active
321,EMP0321,Employee321,Surname321,HR,35000,1989-06-01,emp321@payrollwise.in,2015-03-01,Active
322,EMP0322,Employee322,Surname322,HR,65000,1986-07-01,emp322@payrollwise.in,2016-09-01,Active
323,EMP0323,Employee323,Surname323,HR,130000,1984-06-01,emp323@payrollwise.in,2018-04-01,Active
324,EMP0324,Employee324,Surname324,IT,65000,1983-03-01,emp324@payrollwise.in,2019-08-01,Active
325,EMP0325,Employee325,Surname325,HR,65000,1982-09-01,emp325@payrollwise.in,2017-12-01,Active
326,EMP0326,Employee326,Surname326,Ops,25000,1986-01-01,emp326@payrollwise.in,2015-08-01,Active
327,EMP0327,Employee327,Surname327,IT,130000,1987-10-01,emp327@payrollwise.in,2017-01-01,Active
328,EMP0328,Employee328,Surname328,HR,35000,1989-05-01,emp328@payrollwise.in,2018-05-01,Active
329,EMP0329,Employee329,Surname329,HR,130000,1980-02-01,emp329@payrollwise.in,2015-07-01,Active
330,EMP0330,Employee330,Surname330,HR,25000,1987-01-01,emp330@payrollwise.in,2018-05-01,Active
331,EMP0331,Employee331,Surname331,Sales,35000,1981-12-01,emp331@payrollwise.in,2018-06-01,Active
332,EMP0332,Employee332,Surname332,Finance,45000,1987-05-01,emp332@payrollwise.in,2019-09-01,Active
333,EMP0333,Employee333,Surname333,Sales,35000,1984-06-01,emp333@payrollwise.in,2016-10-01,Active
334,EMP0334,Employee334,Surname334,Sales,45000,1985-03-01,emp334@payrollwise.in,2015-02-01,Active
335,EMP0335,Employee335,Surname335,Finance,35000,1989-04-01,emp335@payrollwise.in,2015-03-01,Active
336,EMP0336,Employee336,Surname336,Sales,130000,1987-11-01,emp336@payrollwise.in,2018-01-01,Active
337,EMP0337,Employee337,Surname337,Ops,25000,1986-06-01,emp337@payrollwise.in,2019-09-01,Active
338,EMP0338,Employee338,Surname338,Ops,45000,1988-02-01,emp338@payrollwise.in,2018-05-01,Active
339,EMP0339,Employee339,Surname339,IT,65000,1981-02-01,emp339@payrollwise.in,2018-04-01,Active
340,EMP0340,Employee340,Surname340,Finance,90000,1983-10-01,emp340@payrollwise.in,2019-11-01,Active
341,EMP0341,Employee341,Surname341,HR,130000,1986-08-01,emp341@payrollwise.in,2017-04-01,Active
342,EMP0342,Employee342,Surname342,Ops,65000,1984-07-01,emp342@payrollwise.in,2016-07-01,Active
343,EMP0343,Employee343,Surname343,Finance,65000,1981-07-01,emp343@payrollwise.in,2017-11-01,Active
344,EMP0344,Employee344,Surname344,Finance,65000,1988-04-01,emp344@payrollwise.in,2017-11-01,Active
345,EMP0345,Employee345,Surname345,Sales,65000,1982-06-01,emp345@payrollwise.in,2015-10-01,Active
346,EMP0346,Employee346,Surname346,HR,45000,1984-09-01,emp346@payrollwise.in,2017-01-01,Active
347,EMP0347,Employee347,Surname347,IT,130000,1982-12-01,emp347@payrollwise.in,2018-05-01,Active
348,EMP0348,Employee348,Surname348,Ops,90000,1988-06-01,emp348@payrollwise.in,2019-08-01,Active
349,EMP0349,Employee349,Surname349,Ops,35000,1981-10-01,emp349@payrollwise.in,2016-01-01,Active
350,EMP0350,Employee350,Surname350,IT,45000,1988-05-01,emp350@payrollwise.in,2019-05-01,Active
351,EMP0351,Employee351,Surname351,Sales,35000,1986-06-01,emp351@payrollwise.in,2016-03-01,Active
352,EMP0352,Employee352,Surname352,HR,90000,1981-11-01,emp352@payrollwise.in,2017-09-01,Active
353,EMP0353,Employee353,Surname353,IT,130000,1985-12-01,emp353@payrollwise.in,2016-11-01,Active
354,EMP0354,Employee354,Surname354,IT,90000,1980-02-01,emp354@payrollwise.in,2017-04-01,Active
355,EMP0355,Employee355,Surname355,HR,130000,1980-10-01,emp355@payrollwise.in,2018-04-01,Active
356,EMP0356,Employee356,Surname356,HR,45000,1980-10-01,emp356@payrollwise.in,2019-09-01,Active
357,EMP0357,Employee357,Surname357,IT,65000,1988-06-01,emp357@payrollwise.in,2016-11-01,Active
358,EMP0358,Employee358,Surname358,Ops,65000,1983-11-01,emp358@payrollwise.in,2017-10-01,Active
359,EMP0359,Employee359,Surname359,IT,130000,1984-01-01,emp359@payrollwise.in,2016-08-01,Active
360,EMP0360,Employee360,Surname360,IT,25000,1983-02-01,emp360@payrollwise.in,2016-09-01,Active
361,EMP0361,Employee361,Surname361,Finance,65000,1982-07-01,emp361@payrollwise.in,2018-09-01,Active
362,EMP0362,Employee362,Surname362,IT,65000,1989-09-01,emp362@payrollwise.in,2016-01-01,Active
363,EMP0363,Employee363,Surname363,IT,25000,1984-06-01,emp363@payrollwise.in,2016-01-01,Active
364,EMP0364,Employee364,Surname364,Ops,90000,1986-02-01,emp364@payrollwise.in,2016-05-01,Active
365,EMP0365,Employee365,Surname365,Ops,45000,1984-11-01,emp365@payrollwise.in,2018-01-01,Active
366,EMP0366,Employee366,Surname366,HR,45000,1988-05-01,emp366@payrollwise.in,2015-02-01,Active
367,EMP0367,Employee367,Surname367,HR,25000,1981-03-01,emp367@payrollwise.in,2017-11-01,Active
368,EMP0368,Employee368,Surname368,Sales,90000,1988-11-01,emp368@payrollwise.in,2019-04-01,Active
369,EMP0369,Employee369,Surname369,IT,65000,1984-12-01,emp369@payrollwise.in,2015-03-01,Active
370,EMP0370,Employee370,Surname370,Ops,65000,1981-11-01,emp370@payrollwise.in,2016-08-01,Active
371,EMP0371,Employee371,Surname371,Sales,35000,1981-04-01,emp371@payrollwise.in,2015-04-01,Active
372,EMP0372,Employee372,Surname372,IT,45000,1989-08-01,emp372@payrollwise.in,2018-10-01,Active
373,EMP0373,Employee373,Surname373,Sales,65000,1985-12-01,emp373@payrollwise.in,2018-09-01,Active
374,EMP0374,Employee374,Surname374,IT,130000,1982-11-01,emp374@payrollwise.in,2018-06-01,Active
375,EMP0375,Employee375,Surname375,HR,90000,1985-01-01,emp375@payrollwise.in,2018-06-01,Active
376,EMP0376,Employee376,Surname376,Finance,90000,1986-06-01,emp376@payrollwise.in,2018-10-01,Active
377,EMP0377,Employee377,Surname377,Finance,35000,1989-10-01,emp377@payrollwise.in,2019-03-01,Active
378,EMP0378,Employee378,Surname378,IT,35000,1983-04-01,emp378@payrollwise.in,2016-09-01,Active
379,EMP0379,Employee379,Surname379,Finance,45000,1981-05-01,emp379@payrollwise.in,2015-12-01,Active
380,EMP0380,Employee380,Surname380,HR,35000,1989-11-01,emp380@payrollwise.in,2016-05-01,Active
381,EMP0381,Employee381,Surname381,HR,45000,1986-06-01,emp381@payrollwise.in,2015-07-01,Active
382,EMP0382,Employee382,Surname382,IT,130000,1982-11-01,emp382@payrollwise.in,2015-07-01,Active
383,EMP0383,Employee383,Surname383,Sales,130000,1987-05-01,emp383@payrollwise.in,2018-05-01,Active
384,EMP0384,Employee384,Surname384,Ops,45000,1980-01-01,emp384@payrollwise.in,2016-11-01,Active
385,EMP0385,Employee385,Surname385,Ops,45000,1980-02-01,emp385@payrollwise.in,2015-02-01,Active
386,EMP0386,Employee386,Surname386,HR,35000,1985-06-01,emp386@payrollwise.in,2018-04-01,Active
387,EMP0387,Employee387,Surname387,IT,90000,1985-12-01,emp387@payrollwise.in,2017-07-01,Active
388,EMP0388,Employee388,Surname388,Finance,35000,1983-07-01,emp388@payrollwise.in,2015-10-01,Active
389,EMP0389,Employee389,Surname389,HR,25000,1981-09-01,emp389@payrollwise.in,2018-04-01,Active
390,EMP0390,Employee390,Surname390,Sales,130000,1983-12-01,emp390@payrollwise.in,2016-08-01,Active
391,EMP0391,Employee391,Surname391,Sales,130000,1980-03-01,emp391@payrollwise.in,2016-01-01,Active
392,EMP0392,Employee392,Surname392,Sales,90000,1988-01-01,emp392@payrollwise.in,2017-05-01,Active
393,EMP0393,Employee393,Surname393,IT,130000,1980-04-01,emp393@payrollwise.in,2017-07-01,Active
394,EMP0394,Employee394,Surname394,IT,45000,1984-10-01,emp394@payrollwise.in,2016-05-01,Active
395,EMP0395,Employee395,Surname395,IT,90000,1989-10-01,emp395@payrollwise.in,2016-09-01,Active
396,EMP0396,Employee396,Surname396,Ops,35000,1988-04-01,emp396@payrollwise.in,2016-07-01,Active
397,EMP0397,Employee397,Surname397,Sales,25000,1980-09-01,emp397@payrollwise.in,2018-10-01,Active
398,EMP0398,Employee398,Surname398,Sales,65000,1981-08-01,emp398@payrollwise.in,2015-06-01,Active
399,EMP0399,Employee399,Surname399,Sales,25000,1986-06-01,emp399@payrollwise.in,2019-11-01,Active
400,EMP0400,Employee400,Surname400,Finance,65000,1984-12-01,emp400@payrollwise.in,2019-05-01,Active
401,EMP0401,Employee401,Surname401,Ops,25000,1982-11-01,emp401@payrollwise.in,2016-10-01,Active
402,EMP0402,Employee402,Surname402,Finance,35000,1987-08-01,emp402@payrollwise.in,2016-05-01,Active
403,EMP0403,Employee403,Surname403,Ops,45000,1989-03-01,emp403@payrollwise.in,2018-02-01,Active
404,EMP0404,Employee404,Surname404,Sales,35000,1980-07-01,emp404@payrollwise.in,2016-05-01,Active
405,EMP0405,Employee405,Surname405,Sales,35000,1982-12-01,emp405@payrollwise.in,2017-06-01,Active
406,EMP0406,Employee406,Surname406,Finance,90000,1982-05-01,emp406@payrollwise.in,2018-07-01,Active
407,EMP0407,Employee407,Surname407,Finance,90000,1985-06-01,emp407@payrollwise.in,2015-02-01,Active
408,EMP0408,Employee408,Surname408,Ops,90000,1985-06-01,emp408@payrollwise.in,2017-12-01,Active
409,EMP0409,Employee409,Surname409,HR,90000,1986-04-01,emp409@payrollwise.in,2015-03-01,Active
410,EMP0410,Employee410,Surname410,Sales,65000,1982-03-01,emp410@payrollwise.in,2018-12-01,Active
411,EMP0411,Employee411,Surname411,Sales,130000,1987-09-01,emp411@payrollwise.in,2019-08-01,Active
412,EMP0412,Employee412,Surname412,Finance,130000,1986-04-01,emp412@payrollwise.in,2019-08-01,Active
413,EMP0413,Employee413,Surname413,Ops,65000,1984-05-01,emp413@payrollwise.in,2018-08-01,Active
414,EMP0414,Employee414,Surname414,Finance,90000,1989-03-01,emp414@payrollwise.in,2017-07-01,Active
415,EMP0415,Employee415,Surname415,Sales,65000,1987-04-01,emp415@payrollwise.in,2015-03-01,Active
416,EMP0416,Employee416,Surname416,Finance,130000,1983-05-01,emp416@payrollwise.in,2018-09-01,Active
417,EMP0417,Employee417,Surname417,Finance,65000,1989-02-01,emp417@payrollwise.in,2018-07-01,Active
418,EMP0418,Employee418,Surname418,Finance,90000,1989-05-01,emp418@payrollwise.in,2017-12-01,Active
419,EMP0419,Employee419,Surname419,Finance,35000,1980-07-01,emp419@payrollwise.in,2016-02-01,Active
420,EMP0420,Employee420,Surname420,IT,45000,1988-12-01,emp420@payrollwise.in,2015-02-01,Active
421,EMP0421,Employee421,Surname421,Finance,65000,1989-09-01,emp421@payrollwise.in,2019-07-01,Active
422,EMP0422,Employee422,Surname422,Finance,90000,1987-03-01,emp422@payrollwise.in,2017-05-01,Active
423,EMP0423,Employee423,Surname423,Ops,45000,1981-07-01,emp423@payrollwise.in,2017-04-01,Active
424,EMP0424,Employee424,Surname424,Ops,45000,1982-06-01,emp424@payrollwise.in,2015-10-01,Active
425,EMP0425,Employee425,Surname425,Ops,35000,1982-08-01,emp425@payrollwise.in,2019-12-01,Active
426,EMP0426,Employee426,Surname426,HR,25000,1982-05-01,emp426@payrollwise.in,2018-09-01,Active
427,EMP0427,Employee427,Surname427,HR,25000,1985-01-01,emp427@payrollwise.in,2017-05-01,Active
428,EMP0428,Employee428,Surname428,Ops,25000,1986-08-01,emp428@payrollwise.in,2019-03-01,Active
429,EMP0429,Employee429,Surname429,Sales,35000,1984-07-01,emp429@payrollwise.in,2019-01-01,Active
430,EMP0430,Employee430,Surname430,IT,45000,1983-05-01,emp430@payrollwise.in,2018-12-01,Active
431,EMP0431,Employee431,Surname431,Sales,90000,1986-02-01,emp431@payrollwise.in,2018-04-01,Active
432,EMP0432,Employee432,Surname432,IT,90000,1982-12-01,emp432@payrollwise.in,2019-08-01,Active
433,EMP0433,Employee433,Surname433,Ops,45000,1989-04-01,emp433@payrollwise.in,2017-01-01,Active
434,EMP0434,Employee434,Surname434,IT,25000,1986-01-01,emp434@payrollwise.in,2015-11-01,Active
435,EMP0435,Employee435,Surname435,Ops,90000,1986-09-01,emp435@payrollwise.in,2015-06-01,Active
436,EMP0436,Employee436,Surname436,Finance,130000,1986-04-01,emp436@payrollwise.in,2019-08-01,Active
437,EMP0437,Employee437,Surname437,HR,90000,1982-05-01,emp437@payrollwise.in,2018-11-01,Active
438,EMP0438,Employee438,Surname438,Sales,25000,1989-12-01,emp438@payrollwise.in,2017-10-01,Active
439,EMP0439,Employee439,Surname439,Ops,45000,1980-09-01,emp439@payrollwise.in,2016-11-01,Active
440,EMP0440,Employee440,Surname440,Finance,35000,1987-05-01,emp440@payrollwise.in,2019-04-01,Active
441,EMP0441,Employee441,Surname441,Sales,130000,1983-02-01,emp441@payrollwise.in,2019-03-01,Active
442,EMP0442,Employee442,Surname442,HR,45000,1986-01-01,emp442@payrollwise.in,2015-11-01,Active
443,EMP0443,Employee443,Surname443,Ops,90000,1980-05-01,emp443@payrollwise.in,2019-09-01,Active
444,EMP0444,Employee444,Surname444,Sales,35000,1983-08-01,emp444@payrollwise.in,2016-09-01,Active
445,EMP0445,Employee445,Surname445,IT,25000,1985-01-01,emp445@payrollwise.in,2018-04-01,Active
446,EMP0446,Employee446,Surname446,HR,90000,1982-11-01,emp446@payrollwise.in,2015-12-01,Active
447,EMP0447,Employee447,Surname447,Finance,90000,1982-11-01,emp447@payrollwise.in,2016-12-01,Active
448,EMP0448,Employee448,Surname448,Sales,35000,1981-04-01,emp448@payrollwise.in,2019-12-01,Active
449,EMP0449,Employee449,Surname449,IT,25000,1983-10-01,emp449@payrollwise.in,2015-04-01,Active
450,EMP0450,Employee450,Surname450,IT,35000,1981-09-01,emp450@payrollwise.in,2017-08-01,Active
451,EMP0451,Employee451,Surname451,Sales,130000,1983-09-01,emp451@payrollwise.in,2016-10-01,Active
452,EMP0452,Employee452,Surname452,Ops,90000,1989-12-01,emp452@payrollwise.in,2019-07-01,Active
453,EMP0453,Employee453,Surname453,Ops,90000,1984-03-01,emp453@payrollwise.in,2017-09-01,Active
454,EMP0454,Employee454,Surname454,Sales,65000,1981-07-01,emp454@payrollwise.in,2017-04-01,Active
455,EMP0455,Employee455,Surname455,Sales,25000,1980-11-01,emp455@payrollwise.in,2019-12-01,Active
456,EMP0456,Employee456,Surname456,Finance,130000,1985-07-01,emp456@payrollwise.in,2015-08-01,Active
457,EMP0457,Employee457,Surname457,IT,65000,1984-03-01,emp457@payrollwise.in,2018-01-01,Active
458,EMP0458,Employee458,Surname458,Sales,90000,1989-07-01,emp458@payrollwise.in,2016-08-01,Active
459,EMP0459,Employee459,Surname459,HR,45000,1982-06-01,emp459@payrollwise.in,2017-12-01,Active
460,EMP0460,Employee460,Surname460,IT,65000,1989-10-01,emp460@payrollwise.in,2018-12-01,Active
461,EMP0461,Employee461,Surname461,Ops,45000,1984-04-01,emp461@payrollwise.in,2017-01-01,Active
462,EMP0462,Employee462,Surname462,HR,130000,1984-05-01,emp462@payrollwise.in,2016-12-01,Active
463,EMP0463,Employee463,Surname463,HR,130000,1986-09-01,emp463@payrollwise.in,2015-12-01,Active
464,EMP0464,Employee464,Surname464,Ops,90000,1985-05-01,emp464@payrollwise.in,2017-02-01,Active
465,EMP0465,Employee465,Surname465,Ops,65000,1983-08-01,emp465@payrollwise.in,2018-04-01,Active
466,EMP0466,Employee466,Surname466,IT,65000,1980-03-01,emp466@payrollwise.in,2017-02-01,Active
467,EMP0467,Employee467,Surname467,HR,130000,1983-06-01,emp467@payrollwise.in,2018-09-01,Active
468,EMP0468,Employee468,Surname468,HR,35000,1986-08-01,emp468@payrollwise.in,2016-04-01,Active
469,EMP0469,Employee469,Surname469,HR,90000,1984-07-01,emp469@payrollwise.in,2015-06-01,Active
470,EMP0470,Employee470,Surname470,Ops,45000,1987-07-01,emp470@payrollwise.in,2018-10-01,Active
471,EMP0471,Employee471,Surname471,Finance,65000,1985-08-01,emp471@payrollwise.in,2019-07-01,Active
472,EMP0472,Employee472,Surname472,HR,35000,1986-02-01,emp472@payrollwise.in,2016-04-01,Active
473,EMP0473,Employee473,Surname473,Ops,65000,1984-12-01,emp473@payrollwise.in,2016-03-01,Active
474,EMP0474,Employee474,Surname474,Sales,35000,1987-10-01,emp474@payrollwise.in,2016-09-01,Active
475,EMP0475,Employee475,Surname475,Finance,130000,1989-08-01,emp475@payrollwise.in,2018-11-01,Active
476,EMP0476,Employee476,Surname476,IT,25000,1982-07-01,emp476@payrollwise.in,2016-08-01,Active
477,EMP0477,Employee477,Surname477,Ops,25000,1980-04-01,emp477@payrollwise.in,2017-08-01,Active
478,EMP0478,Employee478,Surname478,HR,45000,1989-04-01,emp478@payrollwise.in,2017-10-01,Active
479,EMP0479,Employee479,Surname479,IT,130000,1987-07-01,emp479@payrollwise.in,2016-07-01,Active
480,EMP0480,Employee480,Surname480,Sales,35000,1984-12-01,emp480@payrollwise.in,2019-01-01,Active
481,EMP0481,Employee481,Surname481,Ops,35000,1980-05-01,emp481@payrollwise.in,2017-04-01,Active
482,EMP0482,Employee482,Surname482,Finance,35000,1987-12-01,emp482@payrollwise.in,2018-07-01,Active
483,EMP0483,Employee483,Surname483,HR,25000,1986-09-01,emp483@payrollwise.in,2018-11-01,Active
484,EMP0484,Employee484,Surname484,Ops,25000,1981-02-01,emp484@payrollwise.in,2019-10-01,Active
485,EMP0485,Employee485,Surname485,Finance,90000,1980-12-01,emp485@payrollwise.in,2017-11-01,Active
486,EMP0486,Employee486,Surname486,Ops,65000,1988-07-01,emp486@payrollwise.in,2018-04-01,Active
487,EMP0487,Employee487,Surname487,Ops,45000,1988-10-01,emp487@payrollwise.in,2016-08-01,Active
488,EMP0488,Employee488,Surname488,Sales,65000,1983-02-01,emp488@payrollwise.in,2018-08-01,Active
489,EMP0489,Employee489,Surname489,IT,45000,1980-07-01,emp489@payrollwise.in,2015-10-01,Active
490,EMP0490,Employee490,Surname490,IT,130000,1987-06-01,emp490@payrollwise.in,2019-03-01,Active
491,EMP0491,Employee491,Surname491,Ops,130000,1987-08-01,emp491@payrollwise.in,2018-08-01,Active
492,EMP0492,Employee492,Surname492,Finance,90000,1982-10-01,emp492@payrollwise.in,2017-05-01,Active
493,EMP0493,Employee493,Surname493,Ops,45000,1987-07-01,emp493@payrollwise.in,2019-08-01,Active
494,EMP0494,Employee494,Surname494,Sales,90000,1986-11-01,emp494@payrollwise.in,2018-01-01,Active
495,EMP0495,Employee495,Surname495,IT,45000,1989-04-01,emp495@payrollwise.in,2016-08-01,Active
496,EMP0496,Employee496,Surname496,Ops,25000,1986-10-01,emp496@payrollwise.in,2015-04-01,Active
497,EMP0497,Employee497,Surname497,Ops,35000,1987-05-01,emp497@payrollwise.in,2017-11-01,Active
498,EMP0498,Employee498,Surname498,Sales,45000,1988-12-01,emp498@payrollwise.in,2015-11-01,Active
499,EMP0499,Employee499,Surname499,Ops,35000,1984-12-01,emp499@payrollwise.in,2017-08-01,Active
500,EMP0500,Employee500,Surname500,Finance,45000,1984-10-01,emp500@payrollwise.in,2019-04-01,Active
